{"cameraMode":{"drawMode":0,"name":"Shaded","section":"Shading Mode"},"sceneLighting":true,"audioPlay":false,"sceneViewState":{"showFog":true,"showMaterialUpdate":true,"showSkybox":true,"showFlares":true,"showImageEffects":true,"showParticleSystems":true},"in2DMode":false,"pivot":{"x":157.43328857421876,"y":-7.4609375,"z":47.34337615966797},"rotation":{"x":0.054712120443582538,"y":-0.24023300409317017,"z":0.01356306578963995,"w":0.9690771698951721},"size":59.8286247253418,"orthographic":true}