{"cameraMode":{"drawMode":0,"name":"Shaded","section":"Shading Mode"},"sceneLighting":true,"audioPlay":false,"sceneViewState":{"showFog":true,"showMaterialUpdate":true,"showSkybox":true,"showFlares":true,"showImageEffects":true,"showParticleSystems":true},"in2DMode":false,"pivot":{"x":139.904296875,"y":-19.8837890625,"z":48.71221923828125},"rotation":{"x":0.1938045173883438,"y":-0.6099134087562561,"z":0.15704649686813355,"w":0.7527368664741516},"size":7.550387382507324,"orthographic":true}