{"cameraMode":{"drawMode":0,"name":"Shaded","section":"Shading Mode"},"sceneLighting":true,"audioPlay":false,"sceneViewState":{"showFog":true,"showMaterialUpdate":true,"showSkybox":true,"showFlares":true,"showImageEffects":true,"showParticleSystems":true},"in2DMode":false,"pivot":{"x":157.43328857421876,"y":-7.4609375,"z":47.34337615966797},"rotation":{"x":0.11695319414138794,"y":-0.8719274401664734,"z":0.2534627914428711,"w":0.4023078680038452},"size":53.72494888305664,"orthographic":true}