{"cameraMode":{"drawMode":0,"name":"Shaded","section":"Shading Mode"},"sceneLighting":true,"audioPlay":false,"sceneViewState":{"showFog":true,"showMaterialUpdate":true,"showSkybox":true,"showFlares":true,"showImageEffects":true,"showParticleSystems":true},"in2DMode":false,"pivot":{"x":169.90567016601563,"y":-21.008337020874025,"z":43.25234603881836},"rotation":{"x":0.17990091443061829,"y":-0.7253288626670837,"z":0.2066069096326828,"w":0.6315556168556213},"size":10.198962211608887,"orthographic":false}