{"cameraMode":{"drawMode":0,"name":"Shaded","section":"Shading Mode"},"sceneLighting":true,"audioPlay":false,"sceneViewState":{"showFog":true,"showMaterialUpdate":true,"showSkybox":true,"showFlares":true,"showImageEffects":true,"showParticleSystems":true},"in2DMode":false,"pivot":{"x":251.953125,"y":-11.9384765625,"z":43.574462890625},"rotation":{"x":0.04442540556192398,"y":-0.718266487121582,"z":0.04467041417956352,"w":0.6939235329627991},"size":18.810672760009767,"orthographic":true}