{"cameraMode":{"drawMode":0,"name":"Shaded","section":"Shading Mode"},"sceneLighting":true,"audioPlay":false,"sceneViewState":{"showFog":true,"showMaterialUpdate":true,"showSkybox":true,"showFlares":true,"showImageEffects":true,"showParticleSystems":true},"in2DMode":false,"pivot":{"x":157.43328857421876,"y":-7.4609375,"z":47.34337615966797},"rotation":{"x":0.1257549673318863,"y":-0.34213191270828249,"z":0.04626074060797691,"w":0.9300492405891419},"size":63.14842987060547,"orthographic":true}