{"cameraMode":{"drawMode":0,"name":"Shaded","section":"Shading Mode"},"sceneLighting":false,"audioPlay":false,"sceneViewState":{"showFog":true,"showMaterialUpdate":true,"showSkybox":false,"showFlares":true,"showImageEffects":true,"showParticleSystems":true},"in2DMode":false,"pivot":{"x":0.25304174423217776,"y":0.4042748510837555,"z":0.04979753494262695},"rotation":{"x":0.05808645859360695,"y":0.9371047019958496,"z":-0.31491416692733767,"w":0.14707712829113007},"size":7.340957164764404,"orthographic":true}