{"cameraMode":{"drawMode":0,"name":"Shaded","section":"Shading Mode"},"sceneLighting":true,"audioPlay":false,"sceneViewState":{"showFog":true,"showMaterialUpdate":true,"showSkybox":true,"showFlares":true,"showImageEffects":true,"showParticleSystems":true},"in2DMode":false,"pivot":{"x":176.2333984375,"y":-4.160987377166748,"z":35.67216873168945},"rotation":{"x":0.1683780401945114,"y":-0.7044214010238648,"z":0.17808298766613007,"w":0.6667268872261047},"size":67.8132095336914,"orthographic":true}